Title,Description,
Star Wars,A space adventure about the battle between good and evil.,
Guardians of the Galaxy,A group of misfits save the galaxy while adding humor to their mission.,
Inception,A mind-bending thriller where dreams are manipulated and reality is questioned.,
Interstellar,A deep space exploration journey with a mix of science fiction and emotional storytelling.,
Deadpool,An anti-hero action movie with lots of humor and breaking the fourth wall.,
The Matrix,A hacker discovers the truth about reality and fights against an oppressive system.,
Avengers: Endgame,Superheroes unite to reverse the effects of a catastrophic event.,
Jurassic Park,A thrilling adventure where dinosaurs are brought back to life.,
The Dark Knight,"A vigilante fights crime in Gotham, facing his greatest enemy, the Joker.",
Spider-Man: No Way Home,A multiverse adventure where Spider-Man faces villains from different dimensions.,
Black Panther,"A superhero story set in Wakanda, blending action, culture, and technology.",
Doctor Strange,A surgeon learns mystic arts to protect the world from supernatural threats.,
Shutter Island,A psychological thriller where a detective investigates a mysterious asylum.,
Fight Club,A man discovers an underground fight club that changes his life.,
The Godfather,"A gripping mafia drama about power, family, and loyalty.",
Shawshank Redemption,A wrongly imprisoned man plans an incredible escape.,
Pulp Fiction,Interwoven crime stories filled with dark humor and unexpected twists.,
Gladiator,A Roman general seeks revenge against the corrupt emperor who betrayed him.,
Mad Max: Fury Road,A high-speed post-apocalyptic action movie set in a desert wasteland.,
Logan,"An emotional farewell to Wolverine, set in a bleak future.",
Parasite,A dark comedy-thriller about class struggles and deception.,
Whiplash,An intense drama about an ambitious drummer and his relentless instructor.,
1917,A gripping war movie filmed as a continuous shot.,
Saving Private Ryan,"A realistic depiction of World War II, following a rescue mission.",
The Revenant,A frontiersman seeks vengeance after being left for dead.,
Django Unchained,"A revenge story set in the American South, blending action and humor.",
Tenet,A time-bending espionage thriller directed by Christopher Nolan.,
Arrival,A linguist deciphers an alien language to prevent global conflict.,
Gravity,A survival thriller set in space after a catastrophic accident.,
The Martian,A stranded astronaut tries to survive on Mars.,
Blade Runner 2049,A cyberpunk detective story set in a dystopian future.,
The Social Network,The story of Facebook?s rise and the battles behind it.,
Moneyball,A baseball manager uses data analytics to build a competitive team.,
Ford v Ferrari,A true story about rivalry and innovation in the racing world.,
A Beautiful Mind,A biopic of a brilliant but troubled mathematician.,
The Imitation Game,The true story of Alan Turing cracking the Nazi Enigma code.,
Catch Me If You Can,A con artist stays ahead of the FBI in this thrilling chase.,
Zodiac,A journalist and detectives try to solve a cryptic serial killer case.,
Prisoners,A father takes justice into his own hands after his daughter is kidnapped.,
Sicario,A gripping crime thriller about the war on drugs.,
John Wick,A retired assassin seeks vengeance after a personal loss.,
Casino Royale,A spy thriller featuring James Bond in a high-stakes mission.,
Skyfall,A personal mission for James Bond as MI6 is attacked.,
Mission: Impossible - Fallout,An agent goes on a dangerous mission to prevent nuclear disaster.,
The Bourne Identity,A man with amnesia uncovers his past as a spy.,
Se7en,A detective hunts a serial killer who follows the seven deadly sins.,
The Silence of the Lambs,An FBI trainee seeks help from a notorious killer to catch another murderer.,
A Quiet Place,A horror-thriller where silence is the key to survival.,
Get Out,A psychological horror film exploring racial tension.,
Hereditary,A disturbing horror movie about family secrets and supernatural forces.,
It,A group of kids faces a terrifying entity that feeds on fear.,
The Conjuring,A paranormal investigation leads to terrifying discoveries.,
Insidious,A family experiences supernatural horror as their son falls into a coma.,
Sinister,A writer discovers disturbing footage linked to a series of deaths.,
The Exorcist,A classic horror film about a child possessed by a demon.,
The Sixth Sense,A boy who sees ghosts helps a psychologist uncover the truth.,
Us,A family is haunted by their own doppelg„ngers in a terrifying thriller.,
Split,A man with multiple personalities kidnaps young girls.,
Oldboy,A man seeks vengeance after being mysteriously imprisoned for 15 years.,
The Prestige,Two rival magicians compete to create the ultimate illusion.,
Now You See Me,A team of illusionists pulls off incredible heists during their performances.,
Ocean?s Eleven,A group of skilled criminals plans an elaborate casino heist.,
The Grand Budapest Hotel,A quirky comedy about a legendary concierge and his adventures.,
Knives Out,A modern whodunit where a detective investigates a mysterious death.,
Fantastic Beasts,A magical adventure set in the Harry Potter universe.,
Harry Potter and the Sorcerer?s Stone,A young boy discovers he is a wizard and starts a magical journey.,
The Lord of the Rings: The Fellowship of the Ring,A journey to destroy a powerful ring and defeat dark forces.,
The Hobbit,A reluctant hero embarks on a dangerous adventure to reclaim a lost kingdom.,
Pirates of the Caribbean,"A pirate adventure filled with action, humor, and supernatural elements.",
How to Train Your Dragon,A boy befriends a dragon in a heartwarming animated adventure.,
Toy Story,Toys come to life in this beloved animated classic.,
Finding Nemo,A father fish searches for his lost son in the ocean.,
The Lion King,A young lion prince grows up and reclaims his rightful place.,
Frozen,"A story of two sisters, magic, and an unforgettable journey.",
Moana,A girl sets sail on a daring voyage to save her people.,
Tangled,A princess with magical hair embarks on an adventure.,
Inside Out,A journey through emotions inside a young girl?s mind.,
Coco,A musical adventure about family and the Day of the Dead.,
Up,A man goes on a flying adventure with a young explorer.,
Wall-E,A lonely robot embarks on a journey to save Earth.,
Ratatouille,A rat with a passion for cooking follows his dreams.,
Shrek,An ogre goes on a quest that changes his life.,
Madagascar,Zoo animals escape and explore the wild.,
Kung Fu Panda,A clumsy panda becomes a kung fu master.,
The Incredibles,A superhero family saves the world while balancing everyday life.,
Zootopia,A bunny cop and a sly fox uncover a big city conspiracy.,
Big Hero 6,A young inventor and his robot team up to fight crime.,
Spider-Man: Into the Spider-Verse,A multiverse adventure featuring multiple Spider-People.,
Encanto,A magical family struggles to maintain their gifts.,
Sing,A singing competition brings together a group of talented animals.,
Cloudy with a Chance of Meatballs,A scientist?s invention causes food to rain from the sky.,
The Lego Movie,An ordinary Lego figure becomes part of an epic adventure.,
Minions,The origin story of the beloved yellow creatures from Despicable Me.,
The Silver Horizon,A scientist discovers a hidden planet with a civilization that defies time.,
Echoes of Tomorrow,A journalist uncovers secret messages from the future embedded in sound waves.,
The Last Cartographer,A mapmaker’s final journey reveals an ancient conspiracy shaping the world.,
Shadow Circuit,A hacker stumbles upon an AI with its own dangerous agenda.,
Ghosts of the Metro,A group of commuters vanishes in a forgotten subway line.,
The Glass Maze,A detective trapped in a shifting labyrinth must solve the ultimate riddle.,
Crimson Oath,A warrior sworn to protect a cursed kingdom must confront his own past.,
The Silent Waltz,A mute dancer’s mesmerizing performances reveal hidden messages.,
Lunar Reverie,An astronaut on a solo mission starts receiving messages from an unknown source.,
The Marble Heir,"A sculptor’s creations come to life, driven by a supernatural force.",
Forgotten Sunlight,A blind man sees glimpses of the past through his new experimental vision.,
The Iron Violin,A violinist finds an ancient instrument with a mind of its own.,
Cobalt Dreams,A painter’s visions in her sleep start coming true in terrifying ways.,
The Whispering Clock,A family inherits a clock that counts down to mysterious events.,
Quantum Paradox,Scientists discover a portal that alters reality with every use.,
The Painted Veil,"A noblewoman discovers her portrait changes every night, revealing secrets.",
Shadowborn,A boy born without a shadow holds the key to an ancient prophecy.,
The Celestial Duel,Two rival astronomers uncover a cosmic secret that could change humanity.,
Sands of Oblivion,A historian finds a lost civilization buried beneath the shifting desert.,
The Phantom’s Tune,A musician’s new composition unlocks an age-old curse.,
Echoes of the Deep,A deep-sea diver hears voices calling from an undiscovered trench.,
The Frostbound King,A prince frozen in time awakens to reclaim his stolen throne.,
The Vanishing Hour,"Every night at midnight, time stops for one man who must uncover why.",
The Seventh Key,A locksmith is tasked with opening doors that should never be unlocked.,
Starlit Mirage,A desert traveler finds an oasis that disappears whenever he leaves.,
City of Hollow Eyes,A detective investigates a town where people lose their memories overnight.,
Aurora's Curse,A photographer captures the Northern Lights and unleashes an ancient entity.,
The Puppet’s Grin,"A puppeteer’s creations start moving on their own, whispering dark secrets.",
The Last Serenade,A violinist’s dying wish is to complete a melody that can rewrite history.,
Obsidian Bloom,"A rare flower grants immortality, but at a terrible cost.",
House of Echoes,A family moves into a house where whispers from the past never fade.,
The Midnight Accord,A secret society meets only when the moon is hidden.,
The Broken Compass,A sailor’s navigation tool leads him to places that don’t exist.,
Ink and Ashes,A writer’s unfinished book starts rewriting itself with real-life consequences.,
The Forsaken Mask,A cursed masquerade mask binds its wearer to its dark origins.,
The Hollow Crown,A usurper king learns his throne holds a deadly secret.,
The Lighthouse Keeper,A man alone in a lighthouse starts receiving messages from the sea.,
The Final Manuscript,An author’s last book tells the future—but only he can change it.,
Spectral Waltz,Ghostly dancers appear in a long-abandoned ballroom.,
The Obsidian Codex,A lost book contains knowledge too powerful for any one person.,
The Silver Casket,A mysterious heirloom grants its owner glimpses into the afterlife.,
The Crimson Clock,A clockmaker’s masterpiece has the power to rewind death.,
The Broken Hourglass,A woman finds an hourglass that grants her control over time—at a cost.,
The Phantom Cartographer,A mapmaker’s drawings reveal locations that shouldn’t exist.,
The Eternal Maze,An archaeologist enters a labyrinth that defies the laws of space.,
The Wandering Melody,A song played in a village calls forth lost souls.,
The Cursed Quill,An author’s pen writes stories that become real.,
The Hidden Ledger,A bookkeeper finds an old ledger that reveals crimes yet to happen.,
Shadows in the Rain,A detective sees shadowy figures in every storm that predict the future.,
The Vanishing Ward,A nurse discovers a hospital wing that only appears at midnight.,
The Forgotten Refrain,A song lost to history carries a message from another time.,
The Lost Astronomer,A scientist disappears after discovering a new star that shouldn’t exist.,
Gilded Lies,A noble family hides a secret that could destroy an empire.,
The Phoenix’s Tear,A single drop of mystical firewater can heal—or destroy.,
The Everlasting Echo,A mountain range echoes the voices of those lost forever.,
The Clockwork Oracle,A mechanical fortune teller’s predictions come true—with deadly accuracy.,
The Unseen Theater,A play performed for an audience that doesn’t exist.,
The Shifting Portrait,A painting changes each night to reflect a future event.,
The Ashen Kingdom,A ruler fights to reclaim a land that exists only in myths.,
Nightfall Covenant,A secret society prepares for an event that could reshape the world.,
The Silent Manuscript,A book without words speaks to those who dare to open it.,
Celestial Strings,A musician finds an instrument that resonates with the cosmos.,
The Fabled Cartel,A crime syndicate operates through a code hidden in classic literature.,
The Lunar Key,A relic holds the power to unlock doors between worlds.,
The Sleeping Prophet,A man who dreams of the future must prevent a catastrophe.,
The Blood Alchemist,A scientist’s experiments on life and death take a dark turn.,
The Warden’s Watch,A prison guard realizes the inmates never age.,
The Paradox Mirror,A mirror shows glimpses of an alternate reality.,
The Shattered Throne,A kingdom’s fate lies in the hands of a reluctant hero.,
The Sunken Palace,An underwater city rises once every century.,
The Clockmaker’s Curse,A craftsman’s finest work hides a dark secret.,
The Twisted Labyrinth,A maze shifts its walls to trap its victims.,
The Unwritten Tome,A blank book reveals hidden knowledge when read aloud.,
The Haunting Melody,A violin piece haunts those who hear it.,
The Forgotten Sentinel,A guardian statue comes to life to protect an ancient secret.,
The Timekeeper’s Dagger,A blade that stops time for its wielder.,
The Enigma Door,A doorway leads to a place outside of time.,
The Crystal Veil,A fabric that lets its wearer see beyond reality.,
The Phantom Train,A locomotive appears only in dreams—until one night it arrives.,
The Lantern Keeper,A man’s lantern shows glimpses of past lives.,
The Spectral Masquerade,A masked ball where the guests never remove their disguises.,
The Last Oracle,A girl born with the ability to foresee only disasters.,
The Obsidian Puppet,A doll with an eerie connection to its owner.,
The Starlight Codex,A book that glows under a celestial alignment.,
The Cursed Ship,A vessel doomed to sail forever.,
The Hollow Grimoire,A spellbook that devours its owner’s soul.,
